{"RMSE": 0.8031192316982253, "MAE": 0.6551462834843993, "r2": 0.013014969842178314}